{
    "country": {
        "id": 31,
        "code": "BR",
        "name": "Brazil",
        "phone_code": "+55"
    },
    "states": {
        "AC": [
            1,
            "Acre",
            {
                "1": "Rio Branco",
                "2": "Cruzeiro do Sul",
                "3": "Sena Madureira",
                "4": "Tarauacá",
                "5": "Feijó",
                "99999": "Other"
            }
        ],
        "AL": [
            2,
            "Alagoas",
            {
                "6": "Maceió",
                "7": "Arapiraca",
                "8": "Palmeira dos Índios",
                "9": "Rio Largo",
                "10": "Penedo",
                "99999": "Other"
            }
        ],
        "AP": [
            3,
            "Amapá",
            {
                "11": "Macapá",
                "12": "Santana",
                "13": "Laranjal do Jari",
                "14": "Oiapoque",
                "99999": "Other"
            }
        ],
        "AM": [
            4,
            "Amazonas",
            {
                "15": "Manaus",
                "16": "Parintins",
                "17": "Itacoatiara",
                "18": "Manacapuru",
                "19": "Coari",
                "20": "Tefé",
                "99999": "Other"
            }
        ],
        "BA": [
            5,
            "Bahia",
            {
                "21": "Salvador",
                "22": "Feira de Santana",
                "23": "Vitória da Conquista",
                "24": "Camaçari",
                "25": "Itabuna",
                "26": "Juazeiro",
                "27": "Ilhéus",
                "28": "Lauro de Freitas",
                "29": "Jequié",
                "30": "Teixeira de Freitas",
                "99999": "Other"
            }
        ],
        "CE": [
            6,
            "Ceará",
            {
                "31": "Fortaleza",
                "32": "Caucaia",
                "33": "Juazeiro do Norte",
                "34": "Maracanaú",
                "35": "Sobral",
                "36": "Crato",
                "37": "Itapipoca",
                "38": "Maranguape",
                "99999": "Other"
            }
        ],
        "DF": [
            7,
            "Distrito Federal",
            {
                "39": "Brasília",
                "40": "Ceilândia",
                "41": "Taguatinga",
                "42": "Samambaia",
                "43": "Plano Piloto",
                "44": "Águas Claras",
                "45": "Gama",
                "99999": "Other"
            }
        ],
        "ES": [
            8,
            "Espírito Santo",
            {
                "46": "Vitória",
                "47": "Vila Velha",
                "48": "Serra",
                "49": "Cariacica",
                "50": "Cachoeiro de Itapemirim",
                "51": "Linhares",
                "52": "Colatina",
                "99999": "Other"
            }
        ],
        "GO": [
            9,
            "Goiás",
            {
                "53": "Goiânia",
                "54": "Aparecida de Goiânia",
                "55": "Anápolis",
                "56": "Rio Verde",
                "57": "Luziânia",
                "58": "Águas Lindas de Goiás",
                "59": "Valparaíso de Goiás",
                "99999": "Other"
            }
        ],
        "MA": [
            10,
            "Maranhão",
            {
                "60": "São Luís",
                "61": "Imperatriz",
                "62": "São José de Ribamar",
                "63": "Timon",
                "64": "Caxias",
                "65": "Codó",
                "66": "Paço do Lumiar",
                "99999": "Other"
            }
        ],
        "MT": [
            11,
            "Mato Grosso",
            {
                "67": "Cuiabá",
                "68": "Várzea Grande",
                "69": "Rondonópolis",
                "70": "Sinop",
                "71": "Tangará da Serra",
                "72": "Cáceres",
                "73": "Sorriso",
                "99999": "Other"
            }
        ],
        "MS": [
            12,
            "Mato Grosso do Sul",
            {
                "74": "Campo Grande",
                "75": "Dourados",
                "76": "Três Lagoas",
                "77": "Corumbá",
                "78": "Ponta Porã",
                "79": "Naviraí",
                "99999": "Other"
            }
        ],
        "MG": [
            13,
            "Minas Gerais",
            {
                "80": "Belo Horizonte",
                "81": "Uberlândia",
                "82": "Contagem",
                "83": "Juiz de Fora",
                "84": "Betim",
                "85": "Montes Claros",
                "86": "Ribeirão das Neves",
                "87": "Uberaba",
                "88": "Governador Valadares",
                "89": "Ipatinga",
                "99999": "Other"
            }
        ],
        "PA": [
            14,
            "Pará",
            {
                "90": "Belém",
                "91": "Ananindeua",
                "92": "Santarém",
                "93": "Marabá",
                "94": "Castanhal",
                "95": "Parauapebas",
                "96": "Abaetetuba",
                "97": "Cametá",
                "99999": "Other"
            }
        ],
        "PB": [
            15,
            "Paraíba",
            {
                "98": "João Pessoa",
                "99": "Campina Grande",
                "100": "Santa Rita",
                "101": "Patos",
                "102": "Bayeux",
                "103": "Sousa",
                "104": "Cajazeiras",
                "99999": "Other"
            }
        ],
        "PR": [
            16,
            "Paraná",
            {
                "105": "Curitiba",
                "106": "Londrina",
                "107": "Maringá",
                "108": "Ponta Grossa",
                "109": "Cascavel",
                "110": "São José dos Pinhais",
                "111": "Foz do Iguaçu",
                "112": "Colombo",
                "99999": "Other"
            }
        ],
        "PE": [
            17,
            "Pernambuco",
            {
                "113": "Recife",
                "114": "Jaboatão dos Guararapes",
                "115": "Olinda",
                "116": "Caruaru",
                "117": "Petrolina",
                "118": "Paulista",
                "119": "Cabo de Santo Agostinho",
                "120": "Camaragibe",
                "99999": "Other"
            }
        ],
        "PI": [
            18,
            "Piauí",
            {
                "121": "Teresina",
                "122": "Parnaíba",
                "123": "Picos",
                "124": "Piripiri",
                "125": "Floriano",
                "126": "Campo Maior",
                "99999": "Other"
            }
        ],
        "RJ": [
            19,
            "Rio de Janeiro",
            {
                "127": "Rio de Janeiro",
                "128": "São Gonçalo",
                "129": "Duque de Caxias",
                "130": "Nova Iguaçu",
                "131": "Niterói",
                "132": "Belford Roxo",
                "133": "Campos dos Goytacazes",
                "134": "São João de Meriti",
                "135": "Petrópolis",
                "99999": "Other"
            }
        ],
        "RN": [
            20,
            "Rio Grande do Norte",
            {
                "136": "Natal",
                "137": "Mossoró",
                "138": "Parnamirim",
                "139": "São Gonçalo do Amarante",
                "140": "Ceará-Mirim",
                "141": "Macaíba",
                "99999": "Other"
            }
        ],
        "RS": [
            21,
            "Rio Grande do Sul",
            {
                "142": "Porto Alegre",
                "143": "Caxias do Sul",
                "144": "Pelotas",
                "145": "Canoas",
                "146": "Santa Maria",
                "147": "Gravataí",
                "148": "Viamão",
                "149": "Novo Hamburgo",
                "150": "São Leopoldo",
                "99999": "Other"
            }
        ],
        "RO": [
            22,
            "Rondônia",
            {
                "151": "Porto Velho",
                "152": "Ji-Paraná",
                "153": "Ariquemes",
                "154": "Vilhena",
                "155": "Cacoal",
                "156": "Rolim de Moura",
                "99999": "Other"
            }
        ],
        "RR": [
            23,
            "Roraima",
            {
                "157": "Boa Vista",
                "158": "Rorainópolis",
                "159": "Caracaraí",
                "160": "Alto Alegre",
                "161": "Mucajaí",
                "99999": "Other"
            }
        ],
        "SC": [
            24,
            "Santa Catarina",
            {
                "162": "Florianópolis",
                "163": "Joinville",
                "164": "Blumenau",
                "165": "São José",
                "166": "Criciúma",
                "167": "Chapecó",
                "168": "Itajaí",
                "169": "Jaraguá do Sul",
                "99999": "Other"
            }
        ],
        "SP": [
            25,
            "São Paulo",
            {
                "170": "São Paulo",
                "171": "Guarulhos",
                "172": "Campinas",
                "173": "São Bernardo do Campo",
                "174": "Santo André",
                "175": "Osasco",
                "176": "São José dos Campos",
                "177": "Ribeirão Preto",
                "178": "Sorocaba",
                "179": "Santos",
                "99999": "Other"
            }
        ],
        "SE": [
            26,
            "Sergipe",
            {
                "180": "Aracaju",
                "181": "Nossa Senhora do Socorro",
                "182": "Lagarto",
                "183": "Itabaiana",
                "184": "São Cristóvão",
                "185": "Estância",
                "99999": "Other"
            }
        ],
        "TO": [
            27,
            "Tocantins",
            {
                "186": "Palmas",
                "187": "Araguaína",
                "188": "Gurupi",
                "189": "Porto Nacional",
                "190": "Paraíso do Tocantins",
                "99999": "Other"
            }
        ]
    }
}